Time(s),Furnace.Temp,Air.Temp,Water.Temp
0,850.0,850.0,850.0
10,829.6306774233744,801.9557402070052,700.452871289335
20,809.764275213089,756.7093602916549,578.0140379794025
30,790.3883762210561,714.0979244142994,477.76959977757184
40,771.4908698796665,673.9679853799066,395.69639539670777
50,753.0599446322913,636.1750320624172,328.50053896643993
60,735.0840805506726,600.5829690086006,273.48522482756675
70,717.552042134596,567.0636263474219,228.4424952518253
80,700.452871289335,535.4962982400662,191.56462734559068
90,683.7758804764861,505.76730820854146,161.3715827828089
100,667.510646033909,477.76959977757184,136.65160867020546
110,651.647001660599,451.4023509556518,116.41260564892545
120,636.1750320624172,426.5706111669766,99.84231146376533
130,621.0850667547096,403.1849593268094,86.27570202682546
140,606.3676740179386,381.1611818289908,75.16830166580482
150,592.0136550025521,360.4199692859943,66.07433140348775
160,578.0140379794025,340.88663092946746,58.628818282152125
170,564.360072732124,322.4908256427896,52.53294771726901
180,551.043225087963,305.16630865707475,47.54207101901636
190,538.0551715836415,288.85069299845065,43.455886781336616
200,525.3877942629226,273.48522482756675,40.1104020832057
210,513.0331756026225,259.0145718623106,37.371350876894105
220,500.9835935639015,245.38662412182651,35.12880542003146
230,489.23151676573843,232.55230627429907,33.2927644893227
240,477.76959977757184,220.46540091275045,31.789541315441525
250,466.59067852816696,209.0823821224546,30.558806274245512
260,455.68776582783823,198.3622587406309,29.551165647127636
270,445.05404700122807,188.2664267439821,28.72617927765545
280,434.68287562791284,178.75853023251324,28.050737566098416
290,424.56776938817404,169.8043305090224,27.497732664935047
300,414.70240601133713,161.3715827828089,27.044970545749745
310,405.08061932414677,153.42992005359778,26.674280274943982
320,395.69639539670777,145.95074375753887,26.370784750368497
330,386.5438687835831,138.90712078148658,26.12230363097701
340,377.61731885769956,132.27368647470138,25.918864496971963
350,368.91116623476944,126.02655330871008,25.752302621582476
360,360.4199692859943,120.14322485640157,25.61593329191076
370,352.1384207368691,114.60251478059031,25.504283527931896
380,344.06134434996346,109.38447054031839,25.412872432588504
390,336.1836916896045,104.47030154015675,25.338031357658323
400,328.50053896643993,99.84231146376533,25.276756668019573
410,321.00708395991006,95.48383454804002,25.226589195227017
420,313.69864301670316,91.37917556836426,25.18551554244755
430,306.5706481233198,87.51355331884753,25.151887279775753
440,299.61864405091563,83.87304738401849,25.124354786953766
450,292.83828557063856,80.44454801029354,25.10181308837151
460,286.22533473771887,77.21570889670357,25.0833575065156
470,279.7756582426164,74.17490273487498,25.06824735408422
480,273.48522482756675,71.31117933816031,25.055876207604953
490,267.3501027669146,68.61422620913905,25.045747569531546
500,261.36645740965685,66.07433140348775,25.03745494205405
510,255.53054878266101,63.6823485564905,25.030665512914403
520,249.8387292530604,61.42966394624661,25.025106798481932
530,244.28744124836444,59.30816547496786,25.02055570802849
540,238.8732150328605,57.31021345666433,25.016829590314217
550,233.59266653891584,55.42861310602299,25.01377890315195
560,228.4424952518253,53.65658862940931,25.011281211754188
570,223.41948214688225,51.987758824691355,25.00923627499514
580,218.52048767738307,50.416114102019634,25.007562022382405
590,213.7424498123085,48.93599484281257,25.006191260279937
600,209.0823821224546,47.54207101901636,25.005068975191495
